{"semanticRichness": 0.07406285585022564, "uniqueWords": [0, 7.685847589424572, 7.373629815220795, 7.037187681580477, 7.055785123966942, 6.874820143884892, 6.772635814889336, 6.6484375, 6.49685534591195, 6.4229249011857705, 6.423469387755102, 6.378947368421053, 6.065789473684211, 6.026785714285714, 6.04, 5.94392523364486, 6.183673469387755, 5.633802816901408, 5.913043478260869, 5.879310344827586, 5.7, 5.542857142857143, 5.45945945945946, 5.744186046511628, 5.447368421052632, 5.447368421052632, 6.323529411764706, 6.4, 5.40625, 6.0, 5.222222222222222, 5.5, 5.0, 5.9375, 6.352941176470588, 5.285714285714286, 4.684210526315789, 4.894736842105263, 5.333333333333333, 5.277777777777778, 5.375, 5.363636363636363, 5.375, 5.0, 5.333333333333333, 4.615384615384615, 4.923076923076923, 4.333333333333333, 5.375, 4.916666666666667, 4.9375, 4.285714285714286, 4.75, 5.75, 5.363636363636363, 6.0, 5.5, 4.5, 4.0, 6.2, 4.2, 0, 3.6, 2.6666666666666665, 6.166666666666667, 7.0, 4.333333333333333, 4.4, 4.666666666666667, 4.666666666666667, 5.0, 5.0, 3.0, 5.666666666666667, 4.571428571428571, 4.333333333333333, 4.875, 6.75, 4.166666666666667, 4.333333333333333, 5.142857142857143, 9.0, 5.666666666666667, 4.75, 4.428571428571429, 5.2, 3.8, 5.0, 3.3333333333333335, 4.5, 4.0, 0, 3.0, 6.0, 4.5, 3.0, 5.5, 4.5, 2.5, 3.0, 4.0, 0, 5.0, 3.0, 5.0, 4.666666666666667, 5.5, 5.0, 0, 4.0, 4.5, 5.0, 4.5, 4.0, 0, 4.0, 6.0, 6.0, 4.0, 5.5, 2.5, 4.0, 4.0, 5.0, 4.0, 4.5, 0, 4.0, 0, 4.0, 4.0, 0, 5.333333333333333, 4.0, 0, 4.5, 5.0, 0, 0, 3.5, 0, 3.3333333333333335, 0, 3.0, 4.0, 5.0, 0, 4.0, 0, 5.5, 5.5, 4.0, 4.0, 0, 5.5, 4.5, 0, 0, 5.0, 0, 0, 3.6666666666666665, 2.5, 0, 0, 0, 0, 1.0, 0, 0, 0, 0, 4.5, 5.0, 4.0, 4.0, 0, 0, 4.0, 0, 0, 5.0, 2.0, 5.0, 3.0, 5.0, 6.0, 3.0, 5.0, 4.0, 5.0, 5.0, 4.0, 0, 0, 5.0, 8.0, 3.0, 0, 3.0]}