{"averageSentenceLength": 17.802847754654984, "uniqueWords": [0, 6.031039136302295, 6.056224899598393, 5.443037974683544, 5.215686274509804, 5.4021739130434785, 5.0, 5.32258064516129, 4.4, 4.777777777777778, 4.3, 4.3076923076923075, 4.523809523809524, 4.928571428571429, 4.1, 5.75, 3.7, 4.555555555555555, 4.2, 6.285714285714286, 4.714285714285714, 5.0, 3.8333333333333335, 3.769230769230769, 3.3333333333333335, 7.333333333333333, 2.3333333333333335, 4.0, 6.333333333333333, 5.0, 4.75, 3.0, 5.666666666666667, 3.5, 3.6666666666666665, 4.0, 3.3333333333333335, 3.5, 2.5, 5.0, 4.666666666666667, 4.0, 4.0, 4.0, 4.0, 0, 4.5, 4.5, 4.0, 3.5, 4.0, 5.0, 2.0, 4.0, 0, 4.0, 3.3333333333333335, 0, 2.0, 4.0, 4.0, 2.0, 0, 3.0, 2.0, 0, 4.0, 0, 0, 1.0, 0, 5.0, 0, 3.0, 1.0, 4.0, 0, 3.0, 0, 0, 0, 5.0, 0, 0, 2.0, 4.0, 0, 0, 3.0, 0, 0, 2.0, 4.0, 0, 6.0, 5.0, 0, 3.0, 0, 3.0, 0, 0, 0, 0, 0, 0, 0, 0, 3.0, 0, 0, 6.0, 0, 3.0, 0, 0, 2.5, 0, 0, 0, 0, 0, 0, 0, 0, 0, 0, 0, 0, 0, 0, 0, 0, 0, 0, 0, 0, 4.0, 0, 0, 0, 0, 0, 0, 0, 0, 0, 0, 0, 0, 0, 1.0, 0, 0, 2.0, 0, 1.0, 0, 0, 0, 2.0, 0, 0, 0, 0, 0, 1.0, 0, 0, 0, 1.0, 0, 0, 0, 0, 0, 0, 3.0, 0, 0, 0, 0, 0, 0, 0, 0, 0, 0, 0, 0, 0, 0, 0, 0, 0, 0, 0, 0, 0, 0], "singlesComplexity": [[2, 40.0], [7, 25.0], [8, 0.0], [10, 28.57142857142857], [11, 0.0], [17, 28.57142857142857], [26, 36.36363636363637], [36, 37.5], [37, 37.5], [43, 40.0], [47, 28.57142857142857], [84, 25.0], [88, 20.0], [99, 25.0], [115, 25.0], [117, 20.0], [152, 33.33333333333333], [157, 33.33333333333333], [219, 25.0], [232, 25.0], [243, 28.57142857142857], [251, 25.0], [273, 33.33333333333333], [300, 40.0], [305, 28.57142857142857], [322, 20.0], [324, 33.33333333333333], [326, 28.57142857142857], [416, 25.0], [438, 25.0], [494, 42.857142857142854], [517, 25.0], [535, 42.857142857142854], [549, 37.5], [551, 40.0], [581, 42.857142857142854], [597, 50.0], [638, 50.0], [647, 37.5], [652, 40.0], [653, 33.33333333333333], [739, 0.0], [862, 33.33333333333333], [885, 100.0], [889, 25.0], [890, 50.0], [1045, 37.5], [1050, 50.0], [1081, 33.33333333333333], [1093, 20.0], [1138, 50.0], [1153, 42.857142857142854], [1176, 40.0], [1200, 25.0], [1243, 33.33333333333333], [1312, 20.0], [1314, 50.0], [1315, 16.666666666666664], [1343, 33.33333333333333], [1346, 0.0], [1348, 0.0], [1372, 25.0], [1392, 28.57142857142857], [1414, 20.0], [1422, 37.5], [1494, 37.5], [1495, 25.0], [1606, 25.0], [1622, 20.0], [1661, 100.0], [1665, 28.57142857142857], [1666, 28.57142857142857], [1672, 42.857142857142854], [1753, 37.5], [1843, 25.0], [1850, 28.57142857142857], [1863, 66.66666666666666], [1864, 25.0], [1916, 16.666666666666664], [1954, 25.0], [1977, 28.57142857142857], [2044, 28.57142857142857], [2065, 40.0], [2118, 40.0], [2268, 41.66666666666667], [2279, 30.0], [2346, 20.0], [2377, 28.57142857142857], [2411, 33.33333333333333], [2430, 40.0], [2503, 50.0], [2507, 37.5], [2512, 33.33333333333333], [2513, 28.57142857142857], [2522, 33.33333333333333], [2524, 25.0], [2548, 33.33333333333333], [2590, 30.0], [2628, 40.0], [2630, 27.27272727272727], [2747, 20.0], [2821, 66.66666666666666], [2833, 25.0], [2994, 42.857142857142854], [3017, 28.57142857142857], [3032, 16.666666666666664], [3098, 40.0], [3162, 33.33333333333333], [3231, 33.33333333333333], [3250, 25.0], [3293, 0.0], [3298, 33.33333333333333], [3300, 40.0], [3309, 33.33333333333333], [3311, 37.5], [3313, 50.0], [3330, 40.0], [3350, 33.33333333333333], [3382, 16.666666666666664], [3399, 33.33333333333333], [3420, 37.5], [3434, 66.66666666666666], [3635, 37.5], [3661, 42.857142857142854], [3735, 50.0], [3737, 33.33333333333333], [3788, 16.666666666666664], [3800, 16.666666666666664], [3822, 33.33333333333333], [3855, 16.666666666666664], [3861, 33.33333333333333], [3871, 25.0], [3919, 33.33333333333333], [3931, 20.0], [3942, 66.66666666666666], [3949, 33.33333333333333], [3954, 40.0], [3955, 42.857142857142854], [4028, 25.0], [4048, 0.0], [4052, 50.0], [4056, 40.0], [4061, 50.0], [4065, 40.0], [4072, 20.0], [4073, 25.0], [4097, 37.5], [4133, 25.0], [4148, 22.22222222222222], [4149, 42.857142857142854], [4159, 28.57142857142857], [4164, 20.0], [4217, 27.27272727272727], [4247, 28.57142857142857], [4253, 30.76923076923077], [4290, 45.45454545454545], [4294, 33.33333333333333], [4357, 40.0], [4359, 33.33333333333333], [4362, 50.0], [4365, 42.857142857142854], [4400, 33.33333333333333], [4424, 50.0], [4436, 50.0], [4484, 28.57142857142857], [4503, 37.5], [4526, 40.0], [4527, 40.0], [4624, 50.0], [4625, 50.0], [4639, 42.857142857142854], [4642, 50.0], [4678, 50.0], [4744, 25.0], [4746, 33.33333333333333], [4780, 25.0], [4852, 22.22222222222222], [4868, 20.0], [4870, 42.857142857142854], [4874, 20.0], [4896, 22.22222222222222], [4903, 50.0], [4912, 30.0], [4929, 50.0], [4949, 20.0], [4984, 66.66666666666666], [4991, 50.0], [4992, 25.0], [4993, 50.0], [4994, 33.33333333333333], [5007, 28.57142857142857], [5011, 25.0], [5106, 50.0], [5157, 50.0], [5205, 30.0], [5240, 45.45454545454545], [5245, 60.0], [5251, 33.33333333333333], [5275, 50.0], [5331, 33.33333333333333], [5338, 37.5], [5361, 20.0], [5367, 25.0], [5398, 40.0], [5432, 40.0], [5531, 28.57142857142857], [5541, 37.5], [5542, 20.0], [5606, 33.33333333333333], [5610, 40.0], [5614, 33.33333333333333], [5636, 40.0], [5705, 42.857142857142854], [5725, 28.57142857142857], [5783, 33.33333333333333], [5806, 75.0], [5812, 40.0], [5814, 50.0], [5815, 50.0], [5817, 25.0], [5821, 33.33333333333333], [5823, 50.0], [5905, 40.0], [5916, 33.33333333333333], [5918, 40.0], [5925, 28.57142857142857], [5940, 20.0], [5941, 16.666666666666664], [5945, 33.33333333333333], [5956, 25.0], [6144, 25.0], [6180, 33.33333333333333], [6211, 33.33333333333333], [6278, 42.857142857142854], [6353, 16.666666666666664], [6360, 25.0], [6371, 42.857142857142854], [6442, 20.0], [6491, 25.0], [6543, 50.0], [6548, 40.0], [6549, 25.0], [6550, 50.0], [6551, 25.0], [6556, 33.33333333333333], [6557, 25.0], [6564, 42.857142857142854], [6584, 16.666666666666664], [6639, 40.0], [6736, 28.57142857142857], [6747, 25.0], [6769, 50.0], [6847, 0.0], [6859, 40.0], [6930, 25.0], [6939, 0.0], [6941, 33.33333333333333], [6946, 28.57142857142857], [6949, 42.857142857142854], [6966, 25.0], [7024, 28.57142857142857], [7039, 60.0], [7048, 28.57142857142857], [7051, 33.33333333333333], [7055, 28.57142857142857], [7086, 20.0], [7231, 33.33333333333333], [7303, 33.33333333333333], [7319, 25.0], [7339, 20.0], [7359, 0.0], [7362, 42.857142857142854], [7426, 20.0], [7460, 50.0], [7496, 50.0], [7523, 42.857142857142854], [7545, 57.14285714285714], [7565, 57.14285714285714], [7583, 33.33333333333333], [7625, 50.0], [7632, 44.44444444444444], [7634, 25.0], [7684, 25.0], [7697, 33.33333333333333], [7719, 33.33333333333333], [7744, 25.0], [7749, 25.0], [7762, 33.33333333333333], [7764, 37.5], [7780, 33.33333333333333], [7824, 33.33333333333333], [7838, 50.0], [7856, 42.857142857142854], [7873, 50.0], [7875, 40.0], [7894, 40.0], [7903, 50.0], [7938, 37.5], [8021, 33.33333333333333], [8029, 33.33333333333333], [8038, 33.33333333333333], [8039, 40.0], [8117, 42.857142857142854], [8156, 33.33333333333333], [8180, 50.0], [8181, 16.666666666666664], [8183, 25.0], [8184, 20.0], [8186, 25.0], [8190, 42.857142857142854], [8195, 28.57142857142857], [8209, 37.5], [8224, 25.0], [8238, 25.0], [8240, 33.33333333333333], [8292, 20.0], [8331, 37.5], [8352, 33.33333333333333], [8353, 40.0], [8451, 20.0], [8452, 50.0], [8466, 28.57142857142857], [8467, 25.0], [8486, 33.33333333333333], [8488, 33.33333333333333], [8531, 42.857142857142854], [8535, 33.33333333333333], [8539, 40.0], [8542, 28.57142857142857], [8553, 33.33333333333333], [8557, 16.666666666666664], [8572, 40.0], [8854, 50.0], [8858, 40.0], [8951, 66.66666666666666], [8960, 25.0], [8961, 57.14285714285714], [8962, 50.0], [8984, 28.57142857142857], [8993, 42.857142857142854], [9005, 28.57142857142857], [9044, 44.44444444444444], [9185, 37.5], [9240, 16.666666666666664], [9253, 42.857142857142854], [9255, 25.0], [9263, 